"week","content_type","target_keyword","url","search_intent"
"1","money guide","s9 game kaise download kare","roman-urdu/download-kaise-kare","Primary ranking page"
"1","faq","how to use s9 game kaise download kare","faq","Question intent"
"2","update","s9 game kaise download kare latest update","updates","Freshness"
"2","support","Login Kaise Kare","roman-urdu/login-kaise-kare","Problem solving"
"3","comparison","s9 game kaise download kare alternative","blog/ranking-review","Comparison intent"
"3","trust","is s9 game kaise download kare safe","blog/search-intent-map","Trust intent"
"4","local","s9 game kaise download kare pakistan","roman-urdu/paisa-kaise-nikale","Regional intent"
"4","maintenance","S9 Roman Urdu Help weekly check","blog/weekly-check","Update rhythm"
"5","long-tail article","s9 game kaise download kare download kaise kare","blog/download-kaise-kare","Long-tail supporting page"
"5","long-tail article","s9 game kaise download kare login kaise kare","blog/login-kaise-kare","Long-tail supporting page"
"6","long-tail article","s9 game kaise download kare paisa kaise nikale","blog/paisa-kaise-nikale","Long-tail supporting page"
"6","long-tail article","s9 game kaise download kare otp nahi aa raha","blog/otp-nahi-aa-raha","Long-tail supporting page"
"7","long-tail article","s9 game kaise download kare mobile problem guide","blog/mobile-problem-guide","Long-tail supporting page"
"7","long-tail article","s9 game kaise download kare roman urdu faq","blog/roman-urdu-faq","Long-tail supporting page"
"8","weekly update","s9 game kaise download kare week 01 download kaise kare refresh","updates/week-01-download-kaise-kare-refresh","Freshness and maintenance page"
"8","weekly update","s9 game kaise download kare week 02 login kaise kare refresh","updates/week-02-login-kaise-kare-refresh","Freshness and maintenance page"
"9","weekly update","s9 game kaise download kare week 03 paisa kaise nikale note","updates/week-03-paisa-kaise-nikale-note","Freshness and maintenance page"
"9","weekly update","s9 game kaise download kare week 04 otp delay roman urdu","updates/week-04-otp-delay-roman-urdu","Freshness and maintenance page"
"10","weekly update","s9 game kaise download kare week 05 mobile issue faq","updates/week-05-mobile-issue-faq","Freshness and maintenance page"
"10","weekly update","s9 game kaise download kare week 06 pakistan user note","updates/week-06-pakistan-user-note","Freshness and maintenance page"
"11","weekly update","s9 game kaise download kare week 07 support path review","updates/week-07-support-path-review","Freshness and maintenance page"
"11","weekly update","s9 game kaise download kare week 08 local wording check","updates/week-08-local-wording-check","Freshness and maintenance page"
"12","weekly update","s9 game kaise download kare week 09 faq rewrite","updates/week-09-faq-rewrite","Freshness and maintenance page"
"12","weekly update","s9 game kaise download kare week 10 internal link pass","updates/week-10-internal-link-pass","Freshness and maintenance page"
"13","weekly update","s9 game kaise download kare week 11 serp title test","updates/week-11-serp-title-test","Freshness and maintenance page"
"13","weekly update","s9 game kaise download kare week 12 h5 readability check","updates/week-12-h5-readability-check","Freshness and maintenance page"
"sprint-2026-06-13","long-tail support","s9 game kaise download kare s9 game download kaise kare on android","blog/s9-game-download-kaise-kare-android","Roman Urdu download guide page 1"
"sprint-2026-06-13","long-tail support","s9 game kaise download kare otp nahi aa raha: simple mobile checks","blog/otp-nahi-aa-raha-solution","Roman Urdu OTP help page 2"
"sprint-2026-06-13","long-tail support","s9 game kaise download kare paisa nikalne se pehle checklist","blog/paisa-nikalne-se-pehle-checklist","Roman Urdu wallet help page 3"
"register-login-2026-06-13","register-login cluster","s9 game kaise download kare s9 game register kaise kare","blog/s9-game-register-kaise-kare","Roman Urdu registration"
"register-login-2026-06-13","register-login cluster","s9 game kaise download kare s9 game login kaise kare","blog/s9-game-login-kaise-kare","Roman Urdu login"
"register-login-2026-06-13","register-login cluster","s9 game kaise download kare s9 otp nahi mil raha","blog/s9-otp-nahi-mil-raha","Roman Urdu OTP"
"account-wallet-support-2026-06-13","support cluster","s9 account lock ho gaya","blog/s9-account-lock-ho-gaya","Roman Urdu support"
"account-wallet-support-2026-06-13","support cluster","s9 withdraw pending kya kare","blog/s9-withdraw-pending-kya-kare","Roman Urdu support"
"daily-2026-06-14","daily freshness","jazzcash withdraw pending kya kare","blog/jazzcash-withdraw-pending-kya-kare","Roman Urdu JazzCash withdrawal help"
"pillar-2026-06-14","pillar hub","s9 online pk help","roman-urdu-help-hub","Roman Urdu support authority"
"daily-2026-06-16","daily support page","s9 login code nahi aa raha","blog/s9-login-code-nahi-aa-raha","Roman Urdu login code help"
"serp-intent","SERP intent page","s9 game kaise download kare","blog/s9-game-kaise-download-kare-2026-06-17/","kaise-download-kare"
"daily-2026-06-17","long-tail intent","s9 game install guide hindi urdu","blog/s9-game-install-guide-hindi-urdu-2026-06-17","daily ranking support"
"daily-2026-06-17","long-tail intent","s9 game kaise download kare","blog/s9-game-kaise-download-kare-2026-06-17","daily ranking support"
"daily-2026-06-18","long-tail intent","S9 Game Kaise Download Kare","blog/s9-game-kaise-download-kare-2026-06-18/","intent"
"second-wave-longtail","Support intent page","s9 game login kaise kare","blog/s9-login-kaise-kare-roman-urdu/","roman urdu login"
"daily-2026-06-19","long-tail intent","S9 Game Kaise Download Kare","blog/s9-game-kaise-download-kare-2026-06-19/","intent"
"serp-intent","SERP intent page","s9 game kaise download kare","blog/s9-game-kaise-download-kare-2026-06-19/","kaise-download-kare"
"serp-intent","SERP intent page","s9 game kaise download kare","blog/s9-game-kaise-download-kare-2026-06-20/","kaise-download-kare"
"serp-intent","SERP intent page","s9 game kaise download kare","blog/s9-game-kaise-download-kare-2026-06-24/","kaise-download-kare"
"serp-intent","SERP intent page","s9 game kaise download kare","blog/s9-game-kaise-download-kare-2026-06-26/","kaise-download-kare"
"competitor-response","Competitor gap response","s9 game kaise download kare","blog/roman-urdu-competitor-gap-2026-06-28/","roman-urdu-help"
"ranking-push","Competitor gap depth page","s9 register kaise kare Pakistan","blog/s9-register-kaise-kare-roman-urdu-2026-06-29/","roman-urdu-register"
"ranking-push","Competitor gap depth page","s9 login code nahi aa raha","blog/s9-login-code-nahi-aa-raha-2026-06-30/","roman-urdu-login-code"
"ranking-push","Competitor gap depth page","s9 account number already used kya kare","blog/s9-account-number-already-used-kya-kare-2026-07-01/","roman-urdu-number-used"
"ranking-push","Competitor gap depth page","s9 paisa nahi nikla kya kare","blog/s9-paisa-nahi-nikla-kya-kare-2026-07-02/","roman-urdu-cashout-help"
"ranking-push","Competitor gap depth page","s9 paisa nahi nikla kya kare","blog/s9-paisa-nahi-nikla-kya-kare-2026-07-03/","roman-urdu-cashout-help"
"ranking-push","Competitor intent depth","s9 game kaise download kare","blog/s9-game-kaise-download-kare-2026-07-03/","s9-game-roman-urdu-guide"
"ranking-push","Competitor intent depth","s9 game kaise download kare","blog/s9-roman-urdu-indexing-check-2026-07-04/","s9-game-roman-urdu-guide"
"ranking-push","Competitor intent depth","s9 game kaise download kare","blog/s9-roman-urdu-password-recovery-2026-07-05/","s9-game-roman-urdu-guide"
"ranking-push","Competitor intent depth","s9 game kaise download kare","blog/s9-roman-urdu-password-recovery-2026-07-07/","s9-game-roman-urdu-guide"
"ranking-push","Competitor intent depth","s9 game kaise download kare","blog/s9-paisa-kaise-nikale-roman-urdu-2026-07-09/","s9-game-roman-urdu-guide"
"ranking-push","Competitor intent depth","s9 game kaise download kare","blog/s9-paisa-kaise-nikale-roman-urdu-2026-07-10/","s9-game-roman-urdu-guide"
"ranking-push","Competitor intent depth","s9 game kaise download kare","blog/s9-paisa-kaise-nikale-roman-urdu-2026-07-11/","s9-game-roman-urdu-guide"
"14","weekly update","s9 game kaise install kare","updates/week-14-roman-urdu-login-kaise-solve/","Freshness and troubleshooting alignment"
"15","weekly update","s9 game kaise install kare","updates/week-15-roman-urdu-login-kaise-solve/","Freshness and troubleshooting alignment"
"16","weekly update","s9 game kaise install kare","updates/week-16-roman-urdu-login-kaise-solve/","Freshness and troubleshooting alignment"

